{"f1": [[0.0018480018480018482, 0.6620596584604515, 0.6638975701431578, 0.6680209802056564, 0.6768434367342844, 0.6873202402449368, 0.6984480115050047, 0.7066450370959174, 0.7166181883370332, 0.7222359607086559, 0.7340677445066917, 0.7478088643943795, 0.7532290999005673, 0.7536641000325833, 0.760857818913254, 0.7639597200745248, 0.7730393674631842, 0.778031557600208, 0.767959343007585, 0.7924343172278119], [0.0018480018480018482, 0.6622398848687379, 0.6758119216344929, 0.6960348142082514, 0.7147332346227138, 0.7220583103158006, 0.7520279371583534, 0.7553501976829728, 0.7716475281098922, 0.7795952653562722, 0.7918213245232486, 0.8017368579500441, 0.805099409195862, 0.8075656186129588, 0.8101155515862892, 0.8114869342376074, 0.8146529183724981, 0.8163537034200583, 0.8155697199409662, 0.817237311823717], [0.0018480018480018482, 0.6638170648201723, 0.6939569862768806, 0.7229177423821807, 0.7467852503664536, 0.7698999396139768, 0.7797078572271281, 0.790809601221977, 0.8085822266754746, 0.8042557067140489, 0.8126292536849504, 0.819466880450799, 0.8171227877063437, 0.8201815756803719, 0.8230061171389448, 0.818667346426353, 0.8192131557760476, 0.821917062740415, 0.8299401652183803, 0.8303543148948581], [0.0018480018480018482, 0.6769926718160495, 0.7118316759923381, 0.7423921466661214, 0.7753213111181332, 0.7876358177044824, 0.8003805056732736, 0.8094447581041347, 0.81375277889908, 0.8162654699407932, 0.8183514586326259, 0.8157282492543043, 0.819435143724766, 0.8224212164311187, 0.8309729624408183, 0.8324916651001762, 0.8370147092998913, 0.83168934223644, 0.8249298133513208, 0.8355302457000878]], "std": [[2.168404344971009e-19, 0.02982761313162356, 0.028408564900568156, 0.02994531850350801, 0.02998480451317212, 0.027592418439232196, 0.03201820503367432, 0.033775378291521094, 0.0364987427605096, 0.036702642793801324, 0.03596781911995952, 0.03467838821535851, 0.03036474833028178, 0.03231280501353831, 0.028065216521782357, 0.0352135631963072, 0.037997764702984514, 0.03736108779460286, 0.0237923289283369, 0.028453302134154517], [2.168404344971009e-19, 0.03160426385234255, 0.03397849804622551, 0.029331585266306196, 0.037375809278142824, 0.0359138754781201, 0.03264264896436707, 0.029732595392829866, 0.031127082442017777, 0.033961541243439294, 0.028607396338984334, 0.027640533607636155, 0.02028274486736138, 0.024536995739909327, 0.021308772346010266, 0.030627125909209324, 0.026741683395791135, 0.019704886564361916, 0.024793730734779137, 0.020725495499731926], [2.168404344971009e-19, 0.02548985763777997, 0.030284610820048904, 0.03434875002630741, 0.03436086610707866, 0.03237917356960958, 0.03370682486750014, 0.029922995232336286, 0.027510391885863978, 0.02317488192668394, 0.024168044350375548, 0.021076023081893828, 0.028007563425081705, 0.026661967286600835, 0.020957957725900353, 0.023281918815817843, 0.023969139786327615, 0.026922871695512517, 0.02090740902270059, 0.017740073089731242], [2.168404344971009e-19, 0.0335959967338706, 0.03601211920748961, 0.03577199939998995, 0.030521611086607763, 0.03377285652011303, 0.02347779981882792, 0.02151673066849925, 0.022339721574509176, 0.017858376496470128, 0.022731208870081728, 0.023309957656382548, 0.023073699337134317, 0.022738875317092018, 0.020349172152812317, 0.01902275434846688, 0.022121082907578582, 0.020888905693763532, 0.017237240884683487, 0.014443658029954428]], "cost": [[0.01, 100.0, 100.0, 100.0, 100.0, 100.0, 100.0, 100.0, 100.0, 100.0, 100.0, 100.0, 51.794746792312075, 51.794746792312075, 100.0, 100.0, 100.0, 100.0, 100.0, 100.0], [0.01, 13.894954943731374, 100.0, 100.0, 100.0, 51.794746792312075, 100.0, 100.0, 100.0, 100.0, 100.0, 100.0, 100.0, 100.0, 100.0, 51.794746792312075, 51.794746792312075, 100.0, 51.794746792312075, 51.794746792312075], [0.01, 100.0, 100.0, 100.0, 100.0, 100.0, 100.0, 100.0, 100.0, 100.0, 100.0, 100.0, 100.0, 100.0, 100.0, 100.0, 100.0, 100.0, 100.0, 100.0], [0.01, 100.0, 100.0, 100.0, 100.0, 100.0, 100.0, 100.0, 100.0, 100.0, 51.794746792312075, 51.794746792312075, 51.794746792312075, 51.794746792312075, 100.0, 100.0, 100.0, 100.0, 100.0, 100.0]], "gamma": [[0.001, 10.0, 10.0, 10.0, 10.0, 10.0, 10.0, 10.0, 10.0, 10.0, 10.0, 10.0, 10.0, 10.0, 5.179474679231207, 5.179474679231207, 5.179474679231207, 5.179474679231207, 1.3894954943731375, 5.179474679231207], [0.001, 10.0, 5.179474679231207, 5.179474679231207, 10.0, 10.0, 5.179474679231207, 2.6826957952797246, 2.6826957952797246, 2.6826957952797246, 2.6826957952797246, 2.6826957952797246, 1.3894954943731375, 1.3894954943731375, 1.3894954943731375, 1.3894954943731375, 1.3894954943731375, 0.3727593720314938, 1.3894954943731375, 1.3894954943731375], [0.001, 2.6826957952797246, 5.179474679231207, 5.179474679231207, 2.6826957952797246, 2.6826957952797246, 2.6826957952797246, 2.6826957952797246, 1.3894954943731375, 0.7196856730011514, 0.7196856730011514, 0.7196856730011514, 0.7196856730011514, 0.7196856730011514, 0.7196856730011514, 0.7196856730011514, 0.7196856730011514, 0.7196856730011514, 0.3727593720314938, 0.3727593720314938], [0.001, 2.6826957952797246, 5.179474679231207, 1.3894954943731375, 2.6826957952797246, 1.3894954943731375, 0.7196856730011514, 0.7196856730011514, 0.3727593720314938, 0.19306977288832497, 0.7196856730011514, 0.7196856730011514, 0.7196856730011514, 0.7196856730011514, 0.19306977288832497, 0.19306977288832497, 0.19306977288832497, 0.19306977288832497, 0.19306977288832497, 0.1]], "alpha": [[], [], [], []], "num_steps_list": [2, 4, 6, 8], "step_size_list": [0.0, 0.3141592653589793, 0.6283185307179586, 0.942477796076938, 1.2566370614359172, 1.5707963267948966, 1.884955592153876, 2.199114857512855, 2.5132741228718345, 2.827433388230814, 3.141592653589793, 3.455751918948773, 3.769911184307752, 4.084070449666731, 4.39822971502571, 4.71238898038469, 5.026548245743669, 5.340707511102649, 5.654866776461628, 5.969026041820607]}