{"f1": [[0.0043830813061582295, 0.029490544450216937, 0.029632911260906704, 0.034101997129149596, 0.051070681333095704, 0.06007717450106592, 0.06167031300207665, 0.06730116513228901, 0.06868583210942161, 0.07248775008945933, 0.08203797516729486, 0.08740539220175542, 0.08708614192419775, 0.09119055473939054, 0.11335913401999435, 0.11526955575530862, 0.1142881877088435, 0.11699749353624558, 0.11882253395885434, 0.1198478906979007], [0.0043830813061582295, 0.029650658773550276, 0.058468263690494335, 0.066204429731523, 0.07133055966280452, 0.08780632550108121, 0.10017366774407224, 0.11628436012735406, 0.12027882391232905, 0.12062883255740034, 0.1265060101480382, 0.1350784725155487, 0.1486299421004964, 0.15393696298175769, 0.15134436030792103, 0.1520610568402162, 0.16545265945161863, 0.16691250818487488, 0.17594672376393827, 0.18010464373067486], [0.0043830813061582295, 0.04607508047676329, 0.06770039036435611, 0.08522301776633667, 0.11063592145521661, 0.11611514340732487, 0.12055010530791546, 0.13461191551264828, 0.15339397468315727, 0.15171255122687266, 0.15544488802043804, 0.16631965725711215, 0.18061926087578425, 0.18335823482532046, 0.1884168359985308, 0.20117621101943572, 0.2145751249228125, 0.22834742410979292, 0.2338241733577889, 0.24640244599627398], [0.0043830813061582295, 0.06334466401992823, 0.07749272531934231, 0.11334213509270781, 0.11898742396265657, 0.13042259655061655, 0.15335677096439637, 0.15359348823100727, 0.16529196508451055, 0.1802858389060459, 0.18497349607745162, 0.19867049267570572, 0.21442340454455017, 0.22935095583088633, 0.2443696548628179, 0.26824331954337544, 0.2915812539736436, 0.3163022017948804, 0.3326451028920709, 0.3289956910224996]], "std": [[0.0, 0.003230747460716545, 0.003342469646405824, 0.004601315383562653, 0.0062335241725501945, 0.007166288147170591, 0.007565946744200367, 0.011096645331495783, 0.010067328745040379, 0.011588575450057209, 0.012195482177445578, 0.013362784429449177, 0.012579023776332755, 0.012658782961518733, 0.01402826726210303, 0.013910983535667085, 0.012062355069032015, 0.01390519971126393, 0.011429080850055732, 0.01001240845755715], [0.0, 0.003196181035392129, 0.007921758344602426, 0.011739022555052672, 0.009807311228634031, 0.011543706805098992, 0.015907980806683902, 0.014588372932229745, 0.011145652441488655, 0.011432282597692515, 0.014376295618716076, 0.016723263953985434, 0.014414830278028617, 0.019333194669121125, 0.02151973604286973, 0.021378253445322286, 0.018891885788897465, 0.014894728023241741, 0.017443822415776532, 0.014750790982233615], [0.0, 0.0062649902611716934, 0.010237684354326078, 0.008210769024247078, 0.013234593327752103, 0.013435706621033829, 0.012926866176878936, 0.018254668906699693, 0.01719939972598166, 0.02218878235358891, 0.019140521617763025, 0.016585881912386344, 0.015561072096798592, 0.013875713827173113, 0.013317946075587572, 0.012368083928745886, 0.01390033225763632, 0.013651659517223502, 0.014280055525835002, 0.015293048406671299], [0.0, 0.00518271672106082, 0.008591086750898848, 0.009843621286438765, 0.012769598717609949, 0.014856340221677007, 0.01874986692668424, 0.021091538140580787, 0.019190973319604326, 0.015459441842473515, 0.012361534654849859, 0.016545525395059595, 0.014846066956765876, 0.015278531680852891, 0.013113926164519204, 0.0209731266280584, 0.013892232523282214, 0.014986036555860215, 0.02146860690491876, 0.034832794987717436]], "cost": [[], [], [], []], "gamma": [[], [], [], []], "alpha": [[2.5595479226995357, 1.0, 1.0, 1.0, 1.0, 1.0, 1.0, 1.0, 1.0, 1.0, 1.0, 1.0, 1.0, 1.0, 1.0, 1.0, 1.0, 1.0, 1.0, 1.0], [2.5595479226995357, 1.0, 1.0, 1.0, 1.0, 1.0, 1.0, 1.0, 1.0, 1.0, 1.0, 1.0, 1.0, 1.0, 1.0, 1.0, 1.0, 1.0, 1.0, 1.0], [2.5595479226995357, 1.0, 1.0, 1.0, 1.0, 1.0, 1.0, 1.0, 1.0, 1.0, 1.0, 1.0, 1.0, 1.0, 1.0, 1.0, 1.0, 1.0, 1.0, 1.0], [2.5595479226995357, 1.0, 1.0, 1.0, 1.0, 1.0, 1.0, 1.0, 1.0, 1.0, 1.0, 1.0, 1.0, 1.0, 1.0, 1.0, 1.0, 1.0, 1.0, 1.0]], "num_steps_list": [2, 4, 6, 8], "step_size_list": [0.0, 0.3141592653589793, 0.6283185307179586, 0.942477796076938, 1.2566370614359172, 1.5707963267948966, 1.884955592153876, 2.199114857512855, 2.5132741228718345, 2.827433388230814, 3.141592653589793, 3.455751918948773, 3.769911184307752, 4.084070449666731, 4.39822971502571, 4.71238898038469, 5.026548245743669, 5.340707511102649, 5.654866776461628, 5.969026041820607]}