{"f1": [0.2779917237423474, 0.33521790824090364, 0.4634488688738327, 0.47494435898196485, 0.5198749105604907, 0.5208014178805611, 0.5717165515084813, 0.5994996630148203, 0.614553735202234, 0.6136831325704895, 0.6380884793004808, 0.6531320000594636, 0.6468851205373476, 0.673997058925619, 0.6821219293281329, 0.704136070429257, 0.699090266529581, 0.7078675068106819, 0.726610965447807, 0.7320501451642851, 0.7581740284385958, 0.733728563682085, 0.7434686475075781, 0.7620703899122375, 0.7432232461638131, 0.748160385631462, 0.7623260146419663, 0.7669717647220662, 0.7540246671134259, 0.7881161771391941, 0.7747304611591131, 0.7740653669910854, 0.780934268215016, 0.7875625465558217, 0.7833159859461909, 0.7902619914890043, 0.7855118466915059, 0.7852800987618658, 0.7964158410637694, 0.7849376534330379, 0.7911843467718802, 0.7898596145002166, 0.7880647734339776, 0.8011502577739892, 0.7953384006973074, 0.7905450017936265, 0.7914044489105384, 0.7896560962798577, 0.796480023931853, 0.7877589261841884, 0.794105472612958, 0.7930427289363908, 0.792972054543217, 0.7993003770037653, 0.7961935135197191, 0.7893578889107844, 0.8039798344876005, 0.7994870240025189, 0.7972889119136088], "std": [0.01353284210608724, 0.017877556843742974, 0.03996267979709597, 0.022323056836887994, 0.026296365719960496, 0.03325962300370317, 0.025491078468429608, 0.024359152536829704, 0.027847235282547414, 0.02024105729587807, 0.017035518028654273, 0.01553937167233493, 0.027068031441861533, 0.027491131425236674, 0.023900524790700674, 0.023585352354892255, 0.02653748415611632, 0.01736592258142592, 0.023845604309621998, 0.01777371077756754, 0.02522090178339223, 0.014959227764578266, 0.015552926774969963, 0.020938632998986902, 0.02238779852580799, 0.018981937209957563, 0.007208304296471358, 0.014198078440241405, 0.032218995759694606, 0.012871653242679651, 0.030676823184442717, 0.024577927044573636, 0.014681433913862658, 0.024975282834452366, 0.0212136118326477, 0.011752540761451212, 0.010499025130157168, 0.015140812846478524, 0.01993249094126054, 0.012592642900215745, 0.020239463627329462, 0.01402358358980619, 0.0325397410263384, 0.014619971109623188, 0.013342115097830511, 0.016754421621486618, 0.01169311306789726, 0.018272529480519873, 0.016688196300390406, 0.011976770509765344, 0.014966556237815901, 0.020997688539320495, 0.009683571683925227, 0.014850864094338865, 0.017947165911474355, 0.016681585183059868, 0.01471701337571976, 0.014596686658209379, 0.015611944068434419], "cost": [100.0, 100.0, 100.0, 100.0, 100.0, 100.0, 100.0, 100.0, 100.0, 100.0, 100.0, 100.0, 26.826957952797247, 100.0, 26.826957952797247, 100.0, 7.196856730011514, 3.727593720314938, 51.794746792312075, 51.794746792312075, 100.0, 13.894954943731374, 26.826957952797247, 26.826957952797247, 26.826957952797247, 7.196856730011514, 100.0, 26.826957952797247, 7.196856730011514, 100.0, 100.0, 51.794746792312075, 51.794746792312075, 51.794746792312075, 51.794746792312075, 51.794746792312075, 7.196856730011514, 26.826957952797247, 100.0, 26.826957952797247, 13.894954943731374, 26.826957952797247, 100.0, 100.0, 7.196856730011514, 7.196856730011514, 7.196856730011514, 26.826957952797247, 13.894954943731374, 13.894954943731374, 51.794746792312075, 26.826957952797247, 13.894954943731374, 100.0, 100.0, 100.0, 100.0, 26.826957952797247, 13.894954943731374], "gamma": [5.179474679231207, 10.0, 5.179474679231207, 2.6826957952797246, 0.3727593720314938, 0.1, 0.1, 0.1, 0.0517947467923121, 0.1, 0.026826957952797246, 0.1, 0.0517947467923121, 0.0517947467923121, 0.026826957952797246, 0.026826957952797246, 0.026826957952797246, 0.0517947467923121, 0.013894954943731374, 0.0071968567300115215, 0.013894954943731374, 0.013894954943731374, 0.013894954943731374, 0.013894954943731374, 0.0071968567300115215, 0.013894954943731374, 0.0071968567300115215, 0.0071968567300115215, 0.013894954943731374, 0.0019306977288832496, 0.003727593720314938, 0.003727593720314938, 0.003727593720314938, 0.003727593720314938, 0.0019306977288832496, 0.003727593720314938, 0.013894954943731374, 0.003727593720314938, 0.0019306977288832496, 0.0071968567300115215, 0.0071968567300115215, 0.003727593720314938, 0.0019306977288832496, 0.0019306977288832496, 0.0071968567300115215, 0.0071968567300115215, 0.0071968567300115215, 0.003727593720314938, 0.003727593720314938, 0.0071968567300115215, 0.0019306977288832496, 0.003727593720314938, 0.003727593720314938, 0.001, 0.001, 0.001, 0.001, 0.0019306977288832496, 0.003727593720314938], "alpha": [], "num_steps_list": [5, 10, 15, 20, 25, 30, 35, 40, 45, 50, 55, 60, 65, 70, 75, 80, 85, 90, 95, 100, 105, 110, 115, 120, 125, 130, 135, 140, 145, 150, 155, 160, 165, 170, 175, 180, 185, 190, 195, 200, 205, 210, 215, 220, 225, 230, 235, 240, 245, 250, 255, 260, 265, 270, 275, 280, 285, 290, 295]}