{"f1": [0.006478545061961066, 0.029346982956793565, 0.02640492260595258, 0.08626091416738699, 0.09625542259569862, 0.14567806932709018, 0.15160423994377692, 0.21076288716518604, 0.20121269726478097, 0.23178029025186636, 0.27477649400403586, 0.28416823865556884, 0.274947427973774, 0.35367359039335816, 0.33428144132216187, 0.37752592894795356, 0.36982205835830523, 0.3969706060285792, 0.46305864747023084, 0.43729090104183044, 0.4784406747610581, 0.4750525470624233, 0.47045115408315696, 0.48742459397801285, 0.4791580096625247, 0.4944437455644217, 0.515212946877085, 0.5070222465464458, 0.508159101212706, 0.5534643933721395, 0.524778011843061, 0.5169502957068398, 0.5433332529822608, 0.5687061084670999, 0.5715274147645828, 0.5684171703329668, 0.5790241064097249, 0.5862030514837776, 0.5734142601530772, 0.5786905539860674, 0.5726129369548765, 0.5739655636266551, 0.5789696753821882, 0.5798695723681376, 0.5950331469641679, 0.5858255244209755, 0.589903331619235, 0.6046864695443827, 0.5942724021077124, 0.600242465716319, 0.6050950690990993, 0.6129235543015156, 0.5958908729055075, 0.6022518562542932, 0.5990993553967385, 0.6046531031639348, 0.6154473012298689, 0.6132334052764085, 0.6089669761043716], "std": [0.0005007912446582776, 0.006795046354956908, 0.008689299018982998, 0.026819328455380778, 0.013562271331777247, 0.016174363365377246, 0.02229898060005821, 0.01616103633373675, 0.03464952397484724, 0.002214966570005737, 0.023003030213051116, 0.031403480409710416, 0.03236790716311051, 0.01701396539531233, 0.030712434512688343, 0.019484667546377305, 0.023820575712168272, 0.03622052391171996, 0.021737730453729676, 0.027158012665649694, 0.023775170836729358, 0.032580315961031274, 0.017104150185696512, 0.023405489338008026, 0.02468678721542312, 0.0198092776995851, 0.018266944485040265, 0.01105179314077918, 0.01609938381967541, 0.011509628622116443, 0.018347554129481778, 0.016969211713395434, 0.020918430341431263, 0.020601366509895656, 0.021186746047429164, 0.01276225993709545, 0.025037392196131672, 0.008154769202638605, 0.014079747446609248, 0.021399132886034396, 0.02496075862406387, 0.018528464946371136, 0.004132689747155095, 0.01238282341170077, 0.00957177377000654, 0.025326890268554055, 0.013803799212837904, 0.012252876994639561, 0.014642689042967316, 0.0053131952951418135, 0.018874480796616085, 0.017438705744143128, 0.013708712274171569, 0.015123454860358562, 0.020365216639335812, 0.008651629368825114, 0.008837742895649002, 0.014523818897674855, 0.01110658308672657], "cost": [], "gamma": [], "alpha": [281.1768697974231, 281.1768697974231, 281.1768697974231, 719.6856730011522, 281.1768697974231, 719.6856730011522, 281.1768697974231, 281.1768697974231, 719.6856730011522, 281.1768697974231, 281.1768697974231, 719.6856730011522, 719.6856730011522, 719.6856730011522, 719.6856730011522, 281.1768697974231, 281.1768697974231, 281.1768697974231, 281.1768697974231, 281.1768697974231, 281.1768697974231, 281.1768697974231, 281.1768697974231, 281.1768697974231, 281.1768697974231, 281.1768697974231, 281.1768697974231, 281.1768697974231, 281.1768697974231, 281.1768697974231, 281.1768697974231, 281.1768697974231, 281.1768697974231, 281.1768697974231, 281.1768697974231, 281.1768697974231, 281.1768697974231, 281.1768697974231, 281.1768697974231, 281.1768697974231, 281.1768697974231, 281.1768697974231, 281.1768697974231, 281.1768697974231, 281.1768697974231, 281.1768697974231, 281.1768697974231, 281.1768697974231, 281.1768697974231, 281.1768697974231, 281.1768697974231, 281.1768697974231, 281.1768697974231, 281.1768697974231, 281.1768697974231, 281.1768697974231, 281.1768697974231, 281.1768697974231, 281.1768697974231], "num_steps_list": [5, 10, 15, 20, 25, 30, 35, 40, 45, 50, 55, 60, 65, 70, 75, 80, 85, 90, 95, 100, 105, 110, 115, 120, 125, 130, 135, 140, 145, 150, 155, 160, 165, 170, 175, 180, 185, 190, 195, 200, 205, 210, 215, 220, 225, 230, 235, 240, 245, 250, 255, 260, 265, 270, 275, 280, 285, 290, 295]}