{"f1": [0.028756131513387562, 0.06426981402872804, 0.10605932981047002, 0.0953122817352384, 0.10584982126925953, 0.1179735767738583, 0.12292786333671475, 0.12408636361401315, 0.1280579793161078, 0.13113746570887536, 0.13461809101546027, 0.13528299084796797, 0.1377769205223787, 0.1368799649027598, 0.14136737119954082, 0.14309315728322233, 0.14214785228666355, 0.13849181534519564, 0.13840935541658186, 0.13665047725364388, 0.13837415227881913, 0.13753286234571319, 0.13880386641086676, 0.13897284783801084, 0.13912286353278258, 0.13827745222272242, 0.13968661682875388, 0.1399950940030223, 0.14305224129478766], "std": [0.003969507651932149, 0.010420069505370534, 0.006633167882434674, 0.012644140677058352, 0.013515093413694126, 0.0132971821020859, 0.013032915496984316, 0.017133586392345867, 0.015647235987801565, 0.017064764828076923, 0.018507804274292074, 0.018700837984185, 0.019575222890597245, 0.019353006516180323, 0.023735062026942012, 0.025184039794102872, 0.024713977143363475, 0.023480504539861894, 0.023641339855359024, 0.023835047577971013, 0.019978471772590232, 0.018437423526738637, 0.018835459427238282, 0.018692098240276882, 0.01861295027299524, 0.01637782294288807, 0.01712368321355036, 0.016915883845521774, 0.014265509541749077], "cost": [], "gamma": [], "alpha": [42.91934260128778, 1.0, 1.0, 1.0, 1.0, 1.0, 1.0, 1.0, 1.0, 1.0, 1.0, 1.0, 1.0, 1.0, 1.0, 1.0, 1.0, 1.0, 1.0, 1.0, 1.0, 1.0, 1.0, 1.0, 1.0, 1.0, 1.0, 1.0, 1.0], "nr_moments": [2, 3, 4, 5, 6, 7, 8, 9, 10, 11, 12, 13, 14, 15, 16, 17, 18, 19, 20, 21, 22, 23, 24, 25, 26, 27, 28, 29, 30]}