{"f1": [0.6487713483385733, 0.7334878074165236, 0.7571209335226232, 0.7855636759165087, 0.7873285704355609, 0.7863143144946416, 0.7849114451655682, 0.7832753035294265, 0.7833485636026867, 0.7824100090194219, 0.7824100090194219, 0.7824100090194219, 0.7801811267905395, 0.7801811267905395, 0.7801811267905395, 0.7801811267905395, 0.7801811267905395, 0.7801811267905395, 0.7801811267905395, 0.7801811267905395, 0.7801811267905395, 0.7801811267905395, 0.7801811267905395, 0.7801811267905395, 0.7801811267905395, 0.7801811267905395, 0.7801811267905395, 0.7801811267905395, 0.7801811267905395], "std": [0.025229342787278085, 0.0201739876623619, 0.013681196274610336, 0.02301119954166301, 0.028181902225829118, 0.027254506847014814, 0.025961411314102557, 0.025550456274404363, 0.025407215943241614, 0.027244945770973788, 0.027244945770973788, 0.027244945770973788, 0.027042728786934082, 0.027042728786934082, 0.027042728786934082, 0.027042728786934082, 0.027042728786934082, 0.027042728786934082, 0.027042728786934082, 0.027042728786934082, 0.027042728786934082, 0.027042728786934082, 0.027042728786934082, 0.027042728786934082, 0.027042728786934082, 0.027042728786934082, 0.027042728786934082, 0.027042728786934082, 0.027042728786934082], "cost": [51.794746792312075, 51.794746792312075, 100.0, 100.0, 100.0, 100.0, 100.0, 100.0, 100.0, 100.0, 100.0, 100.0, 100.0, 100.0, 100.0, 100.0, 100.0, 100.0, 100.0, 100.0, 100.0, 100.0, 100.0, 100.0, 100.0, 100.0, 100.0, 100.0, 100.0], "gamma": [10.0, 5.179474679231207, 2.6826957952797246, 10.0, 10.0, 10.0, 10.0, 10.0, 10.0, 10.0, 10.0, 10.0, 10.0, 10.0, 10.0, 10.0, 10.0, 10.0, 10.0, 10.0, 10.0, 10.0, 10.0, 10.0, 10.0, 10.0, 10.0, 10.0, 10.0], "alpha": [], "nr_moments": [2, 3, 4, 5, 6, 7, 8, 9, 10, 11, 12, 13, 14, 15, 16, 17, 18, 19, 20, 21, 22, 23, 24, 25, 26, 27, 28, 29, 30]}