{"f1": [0.060050322282003, 0.22271296375323982, 0.332796656675509, 0.4491825843541545, 0.5273232371962748, 0.6367851923598417, 0.648360462720664, 0.713151476353789, 0.7091262573127494, 0.7307835943026761, 0.7689292035072928, 0.7835466492315841, 0.8014989409306299, 0.787001527612216, 0.7918921071295376, 0.8028164883692505, 0.8016373245312665, 0.8230506793056606, 0.832783360466547, 0.8379185154322377, 0.8171296550968382, 0.8083556694295414, 0.8326124160134244, 0.8409080800056344, 0.8309588360123696, 0.8454573226671588, 0.8599444696049658, 0.864048392755237, 0.8493220156656196, 0.8526288732063325, 0.8515763274474514, 0.8568368581452226, 0.8334120874033385, 0.845695111148921, 0.8436397455971015, 0.8634282461318884, 0.8592729721922885, 0.8598857617371856, 0.8557181397712614, 0.862716120762939, 0.8460463082209155, 0.848795383092544, 0.8560503287964861, 0.8602453825846084, 0.8651525456824064, 0.8729162590547423, 0.8636422061322204, 0.8711018394843336, 0.866120223399993, 0.8689480280131672, 0.8608589346706813, 0.8773734062776883, 0.8777356454097092, 0.8684467491770885, 0.8713053740608954, 0.8806310892015621, 0.8732184938057355, 0.8542369935689829, 0.8732606052387855], "std": [0.014274422907894569, 0.016491791232372866, 0.018430066417425766, 0.021539671130211435, 0.010013117234173393, 0.024720484255722337, 0.012843689172968128, 0.017273114909327376, 0.026543214641998186, 0.010203997204602631, 0.024589793702204585, 0.03495004866197823, 0.031610235633067744, 0.006252181079529617, 0.01246051710248966, 0.022082159670118062, 0.021206225053550198, 0.023499736649968555, 0.024463315150666392, 0.01678831814471061, 0.032083124598695216, 0.015098715472192981, 0.01917894873702401, 0.02843434269296259, 0.019217895612380534, 0.024754988933296206, 0.013717296415821157, 0.02140555514124291, 0.013928663242419889, 0.025944703844519284, 0.0034938452928225576, 0.010985968802954332, 0.022175445046853343, 0.01012101529637103, 0.02091946835493061, 0.020889402184905134, 0.020237778215135265, 0.014257747340269772, 0.01368867990165513, 0.006506041343840698, 0.020289765907084565, 0.021132197359326824, 0.022769872011775574, 0.014279900274885593, 0.018135385709691927, 0.014883800244720725, 0.023389130714346857, 0.014151594655207921, 0.011024025301508984, 0.01721214229644933, 0.01270944250331502, 0.01750881283899521, 0.012980578147106814, 0.014296464881679469, 0.019638248289203446, 0.01741354843177659, 0.01252163488763585, 0.0166677965396822, 0.01802093429472691], "cost": [1.0, 51.794746792312075, 51.794746792312075, 100.0, 51.794746792312075, 26.826957952797247, 26.826957952797247, 26.826957952797247, 100.0, 13.894954943731374, 51.794746792312075, 13.894954943731374, 13.894954943731374, 26.826957952797247, 51.794746792312075, 100.0, 3.727593720314938, 100.0, 51.794746792312075, 100.0, 26.826957952797247, 13.894954943731374, 51.794746792312075, 51.794746792312075, 26.826957952797247, 51.794746792312075, 51.794746792312075, 100.0, 100.0, 51.794746792312075, 100.0, 100.0, 13.894954943731374, 51.794746792312075, 100.0, 51.794746792312075, 100.0, 51.794746792312075, 100.0, 26.826957952797247, 51.794746792312075, 13.894954943731374, 51.794746792312075, 26.826957952797247, 100.0, 100.0, 51.794746792312075, 100.0, 100.0, 100.0, 100.0, 100.0, 51.794746792312075, 51.794746792312075, 51.794746792312075, 51.794746792312075, 100.0, 26.826957952797247, 100.0], "gamma": [0.19306977288832497, 0.013894954943731374, 0.0517947467923121, 0.0517947467923121, 0.0517947467923121, 0.1, 0.1, 0.0517947467923121, 0.013894954943731374, 0.1, 0.0517947467923121, 0.0517947467923121, 0.026826957952797246, 0.0517947467923121, 0.026826957952797246, 0.013894954943731374, 0.1, 0.013894954943731374, 0.013894954943731374, 0.013894954943731374, 0.013894954943731374, 0.026826957952797246, 0.0071968567300115215, 0.026826957952797246, 0.013894954943731374, 0.0071968567300115215, 0.013894954943731374, 0.0071968567300115215, 0.0071968567300115215, 0.026826957952797246, 0.0071968567300115215, 0.0071968567300115215, 0.026826957952797246, 0.0071968567300115215, 0.026826957952797246, 0.013894954943731374, 0.026826957952797246, 0.013894954943731374, 0.0517947467923121, 0.013894954943731374, 0.0019306977288832496, 0.013894954943731374, 0.026826957952797246, 0.013894954943731374, 0.0019306977288832496, 0.003727593720314938, 0.013894954943731374, 0.003727593720314938, 0.0071968567300115215, 0.003727593720314938, 0.0019306977288832496, 0.0071968567300115215, 0.003727593720314938, 0.0071968567300115215, 0.003727593720314938, 0.003727593720314938, 0.0071968567300115215, 0.013894954943731374, 0.0071968567300115215], "alpha": [], "num_steps_list": [5, 10, 15, 20, 25, 30, 35, 40, 45, 50, 55, 60, 65, 70, 75, 80, 85, 90, 95, 100, 105, 110, 115, 120, 125, 130, 135, 140, 145, 150, 155, 160, 165, 170, 175, 180, 185, 190, 195, 200, 205, 210, 215, 220, 225, 230, 235, 240, 245, 250, 255, 260, 265, 270, 275, 280, 285, 290, 295]}