{"f1": [0.021414731432679267, 0.05619837387325185, 0.11993409569530919, 0.17350676723982142, 0.2517725758054893, 0.26149063402206674, 0.3172446084552231, 0.4185979741394671, 0.4452849749895195, 0.45873661374695185, 0.4840005574641659, 0.5020737848108338, 0.506166169863963, 0.5003064256191015, 0.5249285086020756, 0.5300899602136369, 0.5332046080617582, 0.5273298890282607, 0.5333266404789853, 0.5497416613244684, 0.551796928608077, 0.5743207203330023, 0.5716243773724677, 0.5508410763271823, 0.5789414821660953, 0.5930301142805063, 0.5814777089123931, 0.5888190766412126, 0.5922471181020244, 0.5718715891122562, 0.6049951501175188, 0.5974557137085295, 0.5948084422991213, 0.5900644318907696, 0.6129057753053901, 0.6236560445759197, 0.6007568503800179, 0.5951660192961706, 0.6072799535863919, 0.6099936924293043, 0.6247392315561239, 0.6398140737513508, 0.6134118828890075, 0.627063938909011, 0.63455105687268, 0.6227877001616984, 0.6404693819806351, 0.6262721436594831, 0.6281878937872405, 0.6423096993360666, 0.6482652379084245, 0.6295449901685221, 0.6571179098885562, 0.6505176441832108, 0.6291383170914329, 0.6411121162615354, 0.6412059420681553, 0.6415186209377387, 0.6447982792937301], "std": [0.003491472226033562, 0.005570535887526517, 0.005923315638077997, 0.02845538497317489, 0.03694032024654944, 0.011913206659034083, 0.02904986121931607, 0.020653032874924804, 0.027928391132733467, 0.03822391336817169, 0.03785842303736072, 0.04592967498469704, 0.0236920674645013, 0.036126818888324745, 0.017556321467651667, 0.015442623372124866, 0.016056024854609066, 0.04960447681858285, 0.023112015798186496, 0.03999904807701543, 0.032579144296247246, 0.025545647864307804, 0.026915028824030112, 0.026878351279667107, 0.016703552494845387, 0.033646386698836316, 0.022482013289540772, 0.017873895675866266, 0.042895623991609004, 0.03384221004031341, 0.015390793867769275, 0.015976013332747556, 0.021687437511355653, 0.021289723977898457, 0.03533701753447421, 0.018441554972088766, 0.03129683870397192, 0.022084886780807517, 0.02354718963004329, 0.022529007066143518, 0.011929566399389952, 0.020679699375430603, 0.01630920041702171, 0.015130477523515361, 0.01562247187043986, 0.021280278305921465, 0.036841809085821, 0.024336477706962536, 0.01909578140257438, 0.030855298348088495, 0.03368517487567146, 0.03189163115050128, 0.018672906158011197, 0.027075480605497682, 0.017821958578671526, 0.013423308930274694, 0.01809789743147067, 0.019222751548762528, 0.016468473233134204], "cost": [], "gamma": [], "alpha": [109.85411419875584, 109.85411419875584, 109.85411419875584, 42.91934260128778, 42.91934260128778, 42.91934260128778, 42.91934260128778, 42.91934260128778, 42.91934260128778, 42.91934260128778, 42.91934260128778, 42.91934260128778, 42.91934260128778, 42.91934260128778, 42.91934260128778, 42.91934260128778, 42.91934260128778, 42.91934260128778, 42.91934260128778, 42.91934260128778, 42.91934260128778, 42.91934260128778, 42.91934260128778, 42.91934260128778, 42.91934260128778, 42.91934260128778, 42.91934260128778, 42.91934260128778, 42.91934260128778, 42.91934260128778, 42.91934260128778, 42.91934260128778, 42.91934260128778, 42.91934260128778, 42.91934260128778, 42.91934260128778, 42.91934260128778, 42.91934260128778, 42.91934260128778, 42.91934260128778, 42.91934260128778, 42.91934260128778, 42.91934260128778, 42.91934260128778, 42.91934260128778, 42.91934260128778, 42.91934260128778, 42.91934260128778, 42.91934260128778, 42.91934260128778, 42.91934260128778, 42.91934260128778, 42.91934260128778, 42.91934260128778, 42.91934260128778, 42.91934260128778, 42.91934260128778, 42.91934260128778, 42.91934260128778], "num_steps_list": [5, 10, 15, 20, 25, 30, 35, 40, 45, 50, 55, 60, 65, 70, 75, 80, 85, 90, 95, 100, 105, 110, 115, 120, 125, 130, 135, 140, 145, 150, 155, 160, 165, 170, 175, 180, 185, 190, 195, 200, 205, 210, 215, 220, 225, 230, 235, 240, 245, 250, 255, 260, 265, 270, 275, 280, 285, 290, 295]}